Type 1,hp / speed,attack / speed,defense / speed,special attack / speed,special defense / speed
grass,1.0,1.0888888888888888,1.0888888888888888,1.4444444444444444,1.4444444444444444
grass,1.0,1.0333333333333334,1.05,1.3333333333333333,1.3333333333333333
grass,1.0,1.025,1.0375,1.25,1.25
fire,0.6,0.8,0.6615384615384615,0.9230769230769231,0.7692307692307693
fire,0.725,0.8,0.725,1.0,0.8125
fire,0.78,0.84,0.78,1.09,0.85
water,1.0232558139534884,1.1162790697674418,1.5116279069767442,1.1627906976744187,1.4883720930232558
water,1.0172413793103448,1.0862068965517242,1.3793103448275863,1.1206896551724137,1.3793103448275863
water,1.0128205128205128,1.064102564102564,1.2820512820512822,1.0897435897435896,1.3461538461538463
bug,1.0,0.6666666666666666,0.7777777777777778,0.4444444444444444,0.4444444444444444
bug,1.6666666666666667,0.6666666666666666,1.8333333333333333,0.8333333333333334,0.8333333333333334
bug,0.8571428571428571,0.6428571428571429,0.7142857142857143,1.2857142857142858,1.1428571428571428
bug,0.8,0.7,0.6,0.4,0.4
bug,1.2857142857142858,0.7142857142857143,1.4285714285714286,0.7142857142857143,0.7142857142857143
bug,0.8666666666666667,1.2,0.5333333333333333,0.6,1.0666666666666667
normal,0.7142857142857143,0.8035714285714286,0.7142857142857143,0.625,0.625
normal,0.8873239436619719,0.8450704225352113,0.7746478873239436,0.704225352112676,0.704225352112676
normal,0.8217821782178217,0.7920792079207921,0.7425742574257426,0.693069306930693,0.693069306930693
normal,0.4166666666666667,0.7777777777777778,0.4861111111111111,0.3472222222222222,0.4861111111111111
normal,0.5670103092783505,0.8350515463917526,0.6185567010309279,0.5154639175257731,0.7216494845360825
normal,0.5714285714285714,0.8571428571428571,0.42857142857142855,0.44285714285714284,0.44285714285714284
normal,0.65,0.9,0.65,0.61,0.61
poison,0.6363636363636364,1.0909090909090908,0.8,0.7272727272727273,0.9818181818181818
poison,0.75,1.1875,0.8625,0.8125,0.9875
electric,0.3888888888888889,0.6111111111111112,0.4444444444444444,0.5555555555555556,0.5555555555555556
electric,0.5454545454545454,0.8181818181818182,0.5,0.8181818181818182,0.7272727272727273
ground,1.25,1.875,2.125,0.5,0.75
ground,1.1538461538461537,1.5384615384615385,1.6923076923076923,0.6923076923076923,0.8461538461538461
poison,1.3414634146341464,1.146341463414634,1.2682926829268293,0.975609756097561,0.975609756097561
poison,1.25,1.1071428571428572,1.1964285714285714,0.9821428571428571,0.9821428571428571
poison,1.1842105263157894,1.2105263157894737,1.144736842105263,0.9868421052631579,1.118421052631579
poison,0.92,1.14,0.8,0.8,0.8
poison,0.9384615384615385,1.1076923076923078,0.8769230769230769,0.8461538461538461,0.8461538461538461
poison,0.9529411764705882,1.2,0.9058823529411765,1.0,0.8823529411764706
fairy,2.0,1.2857142857142858,1.3714285714285714,1.7142857142857142,1.8571428571428572
fairy,1.5833333333333333,1.1666666666666667,1.2166666666666666,1.5833333333333333,1.5
fire,0.5846153846153846,0.6307692307692307,0.6153846153846154,0.7692307692307693,1.0
fire,0.73,0.76,0.75,0.81,1.0
normal,5.75,2.25,1.0,2.25,1.25
normal,3.111111111111111,1.5555555555555556,1.0,1.8888888888888888,1.1111111111111112
poison,0.7272727272727273,0.8181818181818182,0.6363636363636364,0.5454545454545454,0.7272727272727273
poison,0.8333333333333334,0.8888888888888888,0.7777777777777778,0.7222222222222222,0.8333333333333334
grass,1.5,1.6666666666666667,1.8333333333333333,2.5,2.1666666666666665
grass,1.5,1.625,1.75,2.125,1.875
grass,1.5,1.6,1.7,2.2,1.8
bug,1.4,2.8,2.2,1.8,2.2
bug,2.0,3.1666666666666665,2.6666666666666665,2.0,2.6666666666666665
bug,1.3333333333333333,1.2222222222222223,1.1111111111111112,0.8888888888888888,1.2222222222222223
bug,0.7777777777777778,0.7222222222222222,0.6666666666666666,1.0,0.8333333333333334
ground,0.10526315789473684,0.5789473684210527,0.2631578947368421,0.3684210526315789,0.47368421052631576
ground,0.2916666666666667,0.8333333333333334,0.4166666666666667,0.4166666666666667,0.5833333333333334
normal,0.4444444444444444,0.5,0.3888888888888889,0.4444444444444444,0.4444444444444444
normal,0.5652173913043478,0.6086956521739131,0.5217391304347826,0.5652173913043478,0.5652173913043478
water,0.9090909090909091,0.9454545454545454,0.8727272727272727,1.1818181818181819,0.9090909090909091
water,0.9411764705882353,0.9647058823529412,0.9176470588235294,1.1176470588235294,0.9411764705882353
fighting,0.5714285714285714,1.1428571428571428,0.5,0.5,0.6428571428571429
fighting,0.6842105263157895,1.105263157894737,0.631578947368421,0.631578947368421,0.7368421052631579
fire,0.9166666666666666,1.1666666666666667,0.75,1.1666666666666667,0.8333333333333334
fire,0.9473684210526315,1.1578947368421053,0.8421052631578947,1.0526315789473684,0.8421052631578947
water,0.4444444444444444,0.5555555555555556,0.4444444444444444,0.4444444444444444,0.4444444444444444
water,0.7222222222222222,0.7222222222222222,0.7222222222222222,0.5555555555555556,0.5555555555555556
water,1.2857142857142858,1.3571428571428572,1.3571428571428572,1.0,1.2857142857142858
psychic,0.2777777777777778,0.2222222222222222,0.16666666666666666,1.1666666666666667,0.6111111111111112
psychic,0.38095238095238093,0.3333333333333333,0.2857142857142857,1.1428571428571428,0.6666666666666666
psychic,0.4583333333333333,0.4166666666666667,0.375,1.125,0.7916666666666666
fighting,2.0,2.2857142857142856,1.4285714285714286,1.0,1.0
fighting,1.7777777777777777,2.2222222222222223,1.5555555555555556,1.1111111111111112,1.3333333333333333
fighting,1.6363636363636365,2.3636363636363638,1.4545454545454546,1.1818181818181819,1.5454545454545454
grass,1.25,1.875,0.875,1.75,0.75
grass,1.1818181818181819,1.6363636363636365,0.9090909090909091,1.5454545454545454,0.8181818181818182
grass,1.1428571428571428,1.5,0.9285714285714286,1.4285714285714286,1.0
water,0.5714285714285714,0.5714285714285714,0.5,0.7142857142857143,1.4285714285714286
water,0.8,0.7,0.65,0.8,1.2
rock,2.0,4.0,5.0,1.5,1.5
rock,1.5714285714285714,2.7142857142857144,3.2857142857142856,1.2857142857142858,1.2857142857142858
rock,1.7777777777777777,2.6666666666666665,2.888888888888889,1.2222222222222223,1.4444444444444444
fire,0.5555555555555556,0.9444444444444444,0.6111111111111112,0.7222222222222222,0.7222222222222222
fire,0.6190476190476191,0.9523809523809523,0.6666666666666666,0.7619047619047619,0.7619047619047619
water,6.0,4.333333333333333,4.333333333333333,2.6666666666666665,2.6666666666666665
water,3.1666666666666665,2.5,3.6666666666666665,3.3333333333333335,2.6666666666666665
electric,0.5555555555555556,0.7777777777777778,1.5555555555555556,2.111111111111111,1.2222222222222223
electric,0.7142857142857143,0.8571428571428571,1.3571428571428572,1.7142857142857142,1.0
normal,0.8666666666666667,1.5,0.9166666666666666,0.9666666666666667,1.0333333333333334
normal,0.4666666666666667,1.1333333333333333,0.6,0.4666666666666667,0.4666666666666667
normal,0.5454545454545454,1.0,0.6363636363636364,0.5454545454545454,0.5454545454545454
water,1.4444444444444444,1.0,1.2222222222222223,1.0,1.5555555555555556
water,1.2857142857142858,1.0,1.1428571428571428,1.0,1.3571428571428572
poison,3.2,3.2,2.0,1.6,2.0
poison,2.1,2.1,1.5,1.3,2.0
water,0.75,1.625,2.5,1.125,0.625
water,0.7142857142857143,1.3571428571428572,2.5714285714285716,1.2142857142857142,0.6428571428571429
ghost,0.375,0.4375,0.375,1.25,0.4375
ghost,0.47368421052631576,0.5263157894736842,0.47368421052631576,1.2105263157894737,0.5789473684210527
ghost,0.5454545454545454,0.5909090909090909,0.5454545454545454,1.1818181818181819,0.6818181818181818
rock,0.5,0.6428571428571429,2.2857142857142856,0.42857142857142855,0.6428571428571429
psychic,1.4285714285714286,1.1428571428571428,1.0714285714285714,1.0238095238095237,2.142857142857143
psychic,1.2686567164179106,1.0895522388059702,1.044776119402985,1.0895522388059702,1.7164179104477613
water,0.6,2.1,1.8,0.5,0.5
water,0.7333333333333333,1.7333333333333334,1.5333333333333334,0.6666666666666666,0.6666666666666666
electric,0.4,0.3,0.5,0.55,0.55
electric,0.4,0.3333333333333333,0.4666666666666667,0.5333333333333333,0.5333333333333333
grass,1.5,1.0,2.0,1.5,1.125
grass,1.7272727272727273,1.7272727272727273,1.5454545454545454,2.272727272727273,1.3636363636363635
ground,1.4285714285714286,1.4285714285714286,2.7142857142857144,1.1428571428571428,1.4285714285714286
ground,1.3333333333333333,1.7777777777777777,2.4444444444444446,1.1111111111111112,1.7777777777777777
fighting,0.5747126436781609,1.3793103448275863,0.6091954022988506,0.40229885057471265,1.264367816091954
fighting,0.6578947368421053,1.381578947368421,1.0394736842105263,0.4605263157894737,1.4473684210526316
normal,3.0,1.8333333333333333,2.5,2.0,2.5
poison,1.1428571428571428,1.8571428571428572,2.7142857142857144,1.7142857142857142,1.2857142857142858
poison,1.0833333333333333,1.5,2.0,1.4166666666666667,1.1666666666666667
ground,3.2,3.4,3.8,1.2,1.2
ground,2.625,3.25,3.0,1.125,1.125
normal,5.0,0.1,0.1,0.7,2.1
grass,1.0833333333333333,0.9166666666666666,1.9166666666666667,1.6666666666666667,0.6666666666666666
normal,1.1666666666666667,1.0555555555555556,0.8888888888888888,0.4444444444444444,0.8888888888888888
water,0.5,0.6666666666666666,1.1666666666666667,1.1666666666666667,0.4166666666666667
water,0.6470588235294118,0.7647058823529411,1.1176470588235294,1.1176470588235294,0.5294117647058824
water,0.7142857142857143,1.0634920634920635,0.9523809523809523,0.5555555555555556,0.7936507936507936
water,1.1764705882352942,1.3529411764705883,0.9558823529411765,0.9558823529411765,1.1764705882352942
water,0.35294117647058826,0.5294117647058824,0.6470588235294118,0.8235294117647058,0.6470588235294118
water,0.5217391304347826,0.6521739130434783,0.7391304347826086,0.8695652173913043,0.7391304347826086
psychic,0.4444444444444444,0.5,0.7222222222222222,1.1111111111111112,1.3333333333333333
bug,0.6666666666666666,1.0476190476190477,0.7619047619047619,0.5238095238095238,0.7619047619047619
ice,0.6842105263157895,0.5263157894736842,0.3684210526315789,1.2105263157894737,1.0
electric,0.6190476190476191,0.7904761904761904,0.5428571428571428,0.9047619047619048,0.8095238095238095
fire,0.6989247311827957,1.021505376344086,0.6129032258064516,1.075268817204301,0.9139784946236559
bug,0.7647058823529411,1.4705882352941178,1.1764705882352942,0.6470588235294118,0.8235294117647058
normal,0.6818181818181818,0.9090909090909091,0.8636363636363636,0.36363636363636365,0.6363636363636364
water,0.25,0.125,0.6875,0.1875,0.25
water,1.1728395061728396,1.5432098765432098,0.9753086419753086,0.7407407407407407,1.2345679012345678
water,2.1666666666666665,1.4166666666666667,1.3333333333333333,1.4166666666666667,1.5833333333333333
normal,1.0,1.0,1.0,1.0,1.0
normal,1.0,1.0,0.9090909090909091,0.8181818181818182,1.1818181818181819
water,2.0,1.0,0.9230769230769231,1.6923076923076923,1.4615384615384615
electric,0.5,0.5,0.46153846153846156,0.8461538461538461,0.7307692307692307
fire,1.0,2.0,0.9230769230769231,1.4615384615384615,1.6923076923076923
normal,1.625,1.5,1.75,2.125,1.875
rock,1.0,1.1428571428571428,2.857142857142857,2.5714285714285716,1.5714285714285714
rock,1.2727272727272727,1.0909090909090908,2.272727272727273,2.090909090909091,1.2727272727272727
rock,0.5454545454545454,1.4545454545454546,1.6363636363636365,1.0,0.8181818181818182
rock,0.75,1.4375,1.3125,0.8125,0.875
rock,0.6153846153846154,0.8076923076923077,0.5,0.46153846153846156,0.5769230769230769
normal,5.333333333333333,3.6666666666666665,2.1666666666666665,2.1666666666666665,3.6666666666666665
ice,1.0588235294117647,1.0,1.1764705882352942,1.1176470588235294,1.4705882352941178
electric,0.9,0.9,0.85,1.25,0.9
fire,1.0,1.1111111111111112,1.0,1.3888888888888888,0.9444444444444444
dragon,0.82,1.28,0.9,1.0,1.0
dragon,0.8714285714285714,1.2,0.9285714285714286,1.0,1.0
dragon,1.1375,1.675,1.1875,1.25,1.25
psychic,0.8153846153846154,0.8461538461538461,0.6923076923076923,1.1846153846153846,0.6923076923076923
psychic,1.0,1.0,1.0,1.0,1.0
grass,1.0,1.0888888888888888,1.4444444444444444,1.0888888888888888,1.4444444444444444
grass,1.0,1.0333333333333334,1.3333333333333333,1.05,1.3333333333333333
grass,1.0,1.025,1.25,1.0375,1.25
fire,0.6,0.8,0.6615384615384615,0.9230769230769231,0.7692307692307693
fire,0.725,0.8,0.725,1.0,0.8125
fire,0.78,0.84,0.78,1.09,0.85
water,1.1627906976744187,1.5116279069767442,1.4883720930232558,1.0232558139534884,1.1162790697674418
water,1.1206896551724137,1.3793103448275863,1.3793103448275863,1.0172413793103448,1.0862068965517242
water,1.0897435897435896,1.3461538461538463,1.2820512820512822,1.0128205128205128,1.064102564102564
normal,1.75,2.3,1.7,1.75,2.25
normal,0.9444444444444444,0.8444444444444444,0.7111111111111111,0.5,0.6111111111111112
normal,1.2,0.6,0.6,0.72,1.12
normal,1.4285714285714286,0.7142857142857143,0.7142857142857143,1.2285714285714286,1.3714285714285714
bug,0.7272727272727273,0.36363636363636365,0.5454545454545454,0.7272727272727273,1.4545454545454546
bug,0.6470588235294118,0.4117647058823529,0.5882352941176471,0.6470588235294118,1.2941176470588236
bug,1.3333333333333333,2.0,1.3333333333333333,1.3333333333333333,1.3333333333333333
bug,1.75,2.25,1.75,1.5,1.75
poison,0.6538461538461539,0.6923076923076923,0.6153846153846154,0.5384615384615384,0.6153846153846154
water,1.1194029850746268,0.5671641791044776,0.5671641791044776,0.835820895522388,0.835820895522388
water,1.8656716417910448,0.8656716417910447,0.8656716417910447,1.1343283582089552,1.1343283582089552
electric,0.3333333333333333,0.6666666666666666,0.25,0.5833333333333334,0.5833333333333334
fairy,3.3333333333333335,1.6666666666666667,1.8666666666666667,3.0,3.6666666666666665
normal,6.0,2.0,1.0,2.6666666666666665,1.3333333333333333
fairy,1.75,1.0,3.25,2.0,3.25
fairy,1.375,1.0,2.125,2.0,2.625
psychic,0.5714285714285714,0.7142857142857143,0.6428571428571429,1.0,0.6428571428571429
psychic,0.6842105263157895,0.7894736842105263,0.7368421052631579,1.0,0.7368421052631579
electric,1.5714285714285714,1.1428571428571428,1.1428571428571428,1.8571428571428572,1.2857142857142858
electric,1.5555555555555556,1.2222222222222223,1.2222222222222223,1.7777777777777777,1.3333333333333333
electric,1.6363636363636365,1.3636363636363635,1.5454545454545454,2.090909090909091,1.6363636363636365
grass,1.5,1.6,1.9,1.8,2.0
water,1.75,0.5,1.25,0.5,1.25
water,2.0,1.0,1.6,1.2,1.6
rock,2.3333333333333335,3.3333333333333335,3.8333333333333335,1.0,2.1666666666666665
water,1.2857142857142858,1.0714285714285714,1.0714285714285714,1.2857142857142858,1.4285714285714286
grass,0.7,0.7,0.8,0.7,1.1
grass,0.6875,0.5625,0.625,0.5625,0.8125
grass,0.6818181818181818,0.5,0.6363636363636364,0.5,0.8636363636363636
normal,0.6470588235294118,0.8235294117647058,0.6470588235294118,0.47058823529411764,0.6470588235294118
grass,1.0,1.0,1.0,1.0,1.0
grass,2.5,2.5,1.8333333333333333,3.5,2.8333333333333335
bug,0.6842105263157895,0.6842105263157895,0.47368421052631576,0.7894736842105263,0.47368421052631576
water,3.6666666666666665,3.0,3.0,1.6666666666666667,1.6666666666666667
water,2.7142857142857144,2.4285714285714284,2.4285714285714284,1.8571428571428572,1.8571428571428572
psychic,0.5909090909090909,0.5909090909090909,0.5454545454545454,1.1818181818181819,0.8636363636363636
dark,1.4615384615384615,1.0,1.6923076923076923,0.9230769230769231,2.0
dark,0.6593406593406593,0.9340659340659341,0.46153846153846156,0.9340659340659341,0.46153846153846156
water,3.1666666666666665,2.5,2.6666666666666665,3.3333333333333335,3.6666666666666665
ghost,0.7058823529411765,0.7058823529411765,0.7058823529411765,1.0,1.0
psychic,1.0,1.5,1.0,1.5,1.0
psychic,5.757575757575758,1.0,1.7575757575757576,1.0,1.7575757575757576
normal,0.8235294117647058,0.9411764705882353,0.7647058823529411,1.0588235294117647,0.7647058823529411
bug,3.3333333333333335,4.333333333333333,6.0,2.3333333333333335,2.3333333333333335
bug,1.875,2.25,3.5,1.5,1.5
normal,2.2222222222222223,1.5555555555555556,1.5555555555555556,1.4444444444444444,1.4444444444444444
ground,0.7647058823529411,0.8823529411764706,1.2352941176470589,0.4117647058823529,0.7647058823529411
steel,2.5,2.8333333333333335,6.666666666666667,1.8333333333333333,2.1666666666666665
fairy,2.0,2.6666666666666665,1.6666666666666667,1.3333333333333333,1.3333333333333333
fairy,2.0,2.6666666666666665,1.6666666666666667,1.3333333333333333,1.3333333333333333
water,0.7647058823529411,1.1176470588235294,1.0,0.6470588235294118,0.6470588235294118
bug,1.0769230769230769,2.0,1.5384615384615385,0.8461538461538461,1.2307692307692308
bug,4.0,2.0,46.0,2.0,46.0
bug,0.9411764705882353,1.4705882352941178,0.8823529411764706,0.47058823529411764,1.1176470588235294
dark,0.4782608695652174,0.8260869565217391,0.4782608695652174,0.30434782608695654,0.6521739130434783
normal,1.5,2.0,1.25,1.25,1.25
normal,1.6363636363636365,2.3636363636363638,1.3636363636363635,1.3636363636363635,1.3636363636363635
fire,2.0,2.0,2.0,3.5,2.0
fire,2.0,1.6666666666666667,4.0,3.0,2.6666666666666665
ice,1.0,1.0,0.8,0.6,0.6
ice,2.0,2.0,1.6,1.2,1.2
water,1.8571428571428572,1.5714285714285714,2.7142857142857144,1.8571428571428572,2.7142857142857144
water,0.5384615384615384,1.0,0.5384615384615384,1.0,0.5384615384615384
water,1.6666666666666667,2.3333333333333335,1.6666666666666667,2.3333333333333335,1.6666666666666667
ice,0.6,0.7333333333333333,0.6,0.8666666666666667,0.6
water,1.2142857142857142,0.5714285714285714,1.0,1.1428571428571428,2.0
steel,0.9285714285714286,1.1428571428571428,2.0,0.5714285714285714,1.0
dark,0.6923076923076923,0.9230769230769231,0.46153846153846156,1.2307692307692308,0.7692307692307693
dark,0.7894736842105263,0.9473684210526315,0.5263157894736842,1.1578947368421053,0.8421052631578947
water,0.8823529411764706,1.1176470588235294,1.1176470588235294,1.1176470588235294,1.1176470588235294
ground,2.25,1.5,1.5,1.0,1.0
ground,1.8,2.4,2.4,1.2,1.2
normal,1.4166666666666667,1.3333333333333333,1.5,1.75,1.5833333333333333
normal,0.8588235294117647,1.1176470588235294,0.7294117647058823,1.0,0.7647058823529411
normal,0.7333333333333333,0.26666666666666666,0.4666666666666667,0.26666666666666666,0.6
fighting,1.0,1.0,1.0,1.0,1.0
fighting,0.7142857142857143,1.3571428571428572,1.3571428571428572,0.5,1.5714285714285714
ice,0.6923076923076923,0.46153846153846156,0.23076923076923078,1.3076923076923077,1.0
electric,0.47368421052631576,0.6631578947368421,0.3894736842105263,0.6842105263157895,0.5789473684210527
fire,0.5421686746987951,0.9036144578313253,0.4457831325301205,0.8433734939759037,0.6626506024096386
normal,0.95,0.8,1.05,0.4,0.7
normal,4.636363636363637,0.18181818181818182,0.18181818181818182,1.3636363636363635,2.4545454545454546
electric,0.782608695652174,0.7391304347826086,0.6521739130434783,1.0,0.8695652173913043
fire,1.15,1.15,0.85,0.9,0.75
water,1.1764705882352942,0.8823529411764706,1.3529411764705883,1.0588235294117647,1.3529411764705883
rock,1.2195121951219512,1.5609756097560976,1.2195121951219512,1.0975609756097562,1.2195121951219512
rock,1.3725490196078431,1.6470588235294117,1.3725490196078431,1.2745098039215685,1.3725490196078431
rock,1.639344262295082,2.19672131147541,1.8032786885245902,1.5573770491803278,1.639344262295082
psychic,0.9636363636363636,0.8181818181818182,1.1818181818181819,0.8181818181818182,1.4
fire,1.1777777777777778,1.4444444444444444,1.0,1.2222222222222223,1.711111111111111
psychic,1.0,1.0,1.0,1.0,1.0
grass,0.5714285714285714,0.6428571428571429,0.5,0.9285714285714286,0.7857142857142857
grass,0.5263157894736842,0.6842105263157895,0.47368421052631576,0.8947368421052632,0.6842105263157895
grass,0.5833333333333334,0.7083333333333334,0.5416666666666666,0.875,0.7083333333333334
fire,1.0,1.3333333333333333,0.8888888888888888,1.5555555555555556,1.1111111111111112
fire,1.0909090909090908,1.5454545454545454,1.0909090909090908,1.5454545454545454,1.0909090909090908
fire,1.0,1.5,0.875,1.375,0.875
water,1.25,1.75,1.25,1.25,1.25
water,1.4,1.7,1.4,1.2,1.4
water,1.6666666666666667,1.8333333333333333,1.5,1.4166666666666667,1.5
dark,1.0,1.5714285714285714,1.0,0.8571428571428571,0.8571428571428571
dark,1.0,1.2857142857142858,1.0,0.8571428571428571,0.8571428571428571
normal,0.6333333333333333,0.5,0.6833333333333333,0.5,0.6833333333333333
normal,0.78,0.7,0.61,0.5,0.61
bug,2.25,2.25,1.75,1.0,1.5
bug,3.3333333333333335,2.3333333333333335,3.6666666666666665,1.6666666666666667,1.6666666666666667
bug,0.9230769230769231,1.0769230769230769,0.7692307692307693,1.5384615384615385,0.7692307692307693
bug,3.3333333333333335,2.3333333333333335,3.6666666666666665,1.6666666666666667,1.6666666666666667
bug,0.9230769230769231,0.7692307692307693,1.0769230769230769,0.7692307692307693,1.3846153846153846
water,1.3333333333333333,1.0,1.0,1.3333333333333333,1.6666666666666667
water,1.2,1.0,1.0,1.2,1.4
water,1.1428571428571428,1.0,1.0,1.2857142857142858,1.4285714285714286
grass,1.3333333333333333,1.3333333333333333,1.6666666666666667,1.0,1.0
grass,1.1666666666666667,1.1666666666666667,0.6666666666666666,1.0,0.6666666666666666
grass,1.125,1.25,0.75,1.125,0.75
normal,0.47058823529411764,0.6470588235294118,0.35294117647058826,0.35294117647058826,0.35294117647058826
normal,0.48,0.68,0.48,0.6,0.4
water,0.47058823529411764,0.35294117647058826,0.35294117647058826,0.6470588235294118,0.35294117647058826
water,0.9230769230769231,0.7692307692307693,1.5384615384615385,1.4615384615384615,1.0769230769230769
psychic,0.7,0.625,0.625,1.125,0.875
psychic,0.76,0.7,0.7,1.3,1.1
psychic,0.85,0.8125,0.8125,1.5625,1.4375
bug,0.6153846153846154,0.46153846153846156,0.49230769230769234,0.7692307692307693,0.8
bug,0.875,0.75,0.775,1.25,1.025
grass,1.7142857142857142,1.1428571428571428,1.7142857142857142,1.1428571428571428,1.7142857142857142
grass,0.8571428571428571,1.8571428571428572,1.1428571428571428,0.8571428571428571,0.8571428571428571
normal,2.0,2.0,2.0,1.1666666666666667,1.1666666666666667
normal,0.8888888888888888,0.8888888888888888,0.8888888888888888,0.6111111111111112,0.6111111111111112
normal,1.5,1.6,1.0,0.95,0.65
bug,0.775,1.125,2.25,0.75,0.75
bug,0.38125,0.5625,0.28125,0.3125,0.3125
bug,0.025,2.25,1.125,0.75,0.75
normal,2.2857142857142856,1.8214285714285714,0.8214285714285714,1.8214285714285714,0.8214285714285714
normal,1.75,1.4791666666666667,0.8958333333333334,1.4791666666666667,0.8958333333333334
normal,1.5294117647058822,1.338235294117647,0.9264705882352942,1.338235294117647,1.0735294117647058
fighting,2.88,2.4,1.2,0.8,1.2
fighting,2.88,2.4,1.2,0.8,1.2
normal,2.5,1.0,2.0,1.0,2.0
rock,1.0,1.5,4.5,1.5,3.0
normal,1.0,0.9,0.9,0.7,0.7
normal,0.7777777777777778,0.7222222222222222,0.7222222222222222,0.6111111111111112,0.6111111111111112
dark,1.0,1.5,1.5,1.3,1.3
steel,1.0,1.7,1.7,1.1,1.1
steel,1.6666666666666667,2.3333333333333335,3.3333333333333335,1.3333333333333333,1.3333333333333333
steel,1.5,2.25,3.5,1.25,1.25
steel,1.4,2.2,3.6,1.2,1.2
fighting,0.5,0.6666666666666666,0.9166666666666666,0.6666666666666666,0.9166666666666666
fighting,0.75,0.75,0.9375,0.75,0.9375
electric,0.6153846153846154,0.6923076923076923,0.6153846153846154,1.0,0.6153846153846154
electric,0.6666666666666666,0.7142857142857143,0.5714285714285714,1.0,0.5714285714285714
electric,0.631578947368421,0.5263157894736842,0.42105263157894735,0.8947368421052632,0.7894736842105263
electric,0.631578947368421,0.42105263157894735,0.5263157894736842,0.7894736842105263,0.8947368421052632
bug,0.7647058823529411,0.8588235294117647,0.8823529411764706,0.5529411764705883,1.0
bug,0.7647058823529411,0.5529411764705883,0.8823529411764706,0.8588235294117647,1.0
grass,0.7692307692307693,0.9230769230769231,0.6923076923076923,1.5384615384615385,1.2307692307692308
poison,1.75,1.075,1.325,1.075,1.325
poison,1.8181818181818181,1.3272727272727274,1.509090909090909,1.3272727272727274,1.509090909090909
water,0.6923076923076923,1.3846153846153846,0.3076923076923077,1.0,0.3076923076923077
water,0.7368421052631579,1.263157894736842,0.42105263157894735,1.0,0.42105263157894735
water,2.1666666666666665,1.1666666666666667,0.5833333333333334,1.1666666666666667,0.5833333333333334
water,2.8333333333333335,1.5,0.75,1.5,0.75
fire,1.7142857142857142,1.7142857142857142,1.1428571428571428,1.8571428571428572,1.2857142857142858
fire,1.75,2.5,1.75,2.625,1.875
fire,3.5,4.25,7.0,4.25,3.5
psychic,1.0,0.4166666666666667,0.5833333333333334,1.1666666666666667,1.3333333333333333
psychic,1.0,0.5625,0.8125,1.125,1.375
normal,1.0,1.0,1.0,1.0,1.0
ground,4.5,10.0,4.5,4.5,4.5
ground,0.7142857142857143,1.0,0.7142857142857143,0.7142857142857143,0.7142857142857143
ground,0.8,1.0,0.8,0.8,0.8
grass,1.4285714285714286,2.4285714285714284,1.1428571428571428,2.4285714285714284,1.1428571428571428
grass,1.2727272727272727,2.090909090909091,1.0909090909090908,2.090909090909091,1.0909090909090908
normal,0.9,0.8,1.2,0.8,1.5
dragon,0.9375,0.875,1.125,0.875,1.3125
normal,0.8111111111111111,1.2777777777777777,0.6666666666666666,0.6666666666666666,0.6666666666666666
poison,1.123076923076923,1.5384615384615385,0.9230769230769231,1.5384615384615385,0.9230769230769231
rock,1.2857142857142858,0.7857142857142857,0.9285714285714286,1.3571428571428572,1.2142857142857142
rock,1.2857142857142858,1.3571428571428572,1.2142857142857142,0.7857142857142857,0.9285714285714286
water,0.8333333333333334,0.8,0.7166666666666667,0.7666666666666667,0.6833333333333333
water,1.8333333333333333,1.3,1.2166666666666666,1.2666666666666666,1.1833333333333333
water,1.2285714285714286,2.2857142857142856,1.8571428571428572,1.4285714285714286,1.0
water,1.1454545454545455,2.1818181818181817,1.5454545454545454,1.6363636363636365,1.0
ground,0.7272727272727273,0.7272727272727273,1.0,0.7272727272727273,1.2727272727272727
ground,0.8,0.9333333333333333,1.4,0.9333333333333333,1.6
rock,2.869565217391304,1.7826086956521738,3.347826086956522,2.652173913043478,3.782608695652174
rock,2.0,1.8837209302325582,2.255813953488372,1.8837209302325582,2.488372093023256
rock,0.6,1.2666666666666666,0.6666666666666666,0.5333333333333333,0.6666666666666666
rock,1.6666666666666667,2.7777777777777777,2.2222222222222223,1.5555555555555556,1.7777777777777777
water,0.25,0.1875,0.25,0.125,0.6875
water,1.1728395061728396,0.7407407407407407,0.9753086419753086,1.2345679012345678,1.5432098765432098
normal,1.0,1.0,1.0,1.0,1.0
normal,1.5,2.25,1.75,1.5,3.0
ghost,0.9777777777777777,1.6666666666666667,0.7777777777777778,1.4,0.7333333333333333
ghost,0.9846153846153847,1.7692307692307692,1.0,1.2769230769230768,0.9692307692307692
ghost,0.8,1.6,3.6,1.2,3.6
ghost,1.6,2.8,5.2,2.4,5.2
grass,1.9411764705882353,1.3333333333333333,1.6274509803921569,1.411764705882353,1.7058823529411764
psychic,1.1538461538461537,0.7692307692307693,1.2307692307692308,1.4615384615384615,1.3846153846153846
dark,0.8666666666666667,1.7333333333333334,0.8,1.0,0.8
psychic,4.130434782608695,1.0,2.0869565217391304,1.0,2.0869565217391304
ice,1.0,1.0,1.0,1.0,1.0
ice,1.0,1.0,1.0,1.0,1.0
ice,2.8,1.6,2.0,2.2,2.0
ice,2.0,1.3333333333333333,1.5555555555555556,1.6666666666666667,1.5555555555555556
ice,1.6923076923076923,1.2307692307692308,1.3846153846153846,1.4615384615384615,1.3846153846153846
water,1.09375,2.0,2.65625,2.3125,1.71875
water,1.0576923076923077,2.0,2.019230769230769,1.8076923076923077,1.4423076923076923
water,1.0576923076923077,1.6153846153846154,2.019230769230769,2.1923076923076925,1.4423076923076923
water,1.8181818181818181,1.6363636363636365,2.3636363636363638,0.8181818181818182,1.1818181818181819
water,0.44329896907216493,0.30927835051546393,0.5670103092783505,0.41237113402061853,0.6701030927835051
dragon,0.9,1.5,1.2,0.8,0.6
dragon,1.3,1.9,2.0,1.2,1.0
dragon,0.95,1.35,0.8,1.1,0.8
steel,1.3333333333333333,1.8333333333333333,2.6666666666666665,1.1666666666666667,2.0
steel,1.2,1.5,2.0,1.1,1.6
steel,1.1428571428571428,1.9285714285714286,1.8571428571428572,1.3571428571428572,1.2857142857142858
rock,1.6,2.0,4.0,1.0,2.0
ice,1.6,1.0,2.0,2.0,4.0
steel,1.6,1.5,3.0,1.5,3.0
dragon,0.7272727272727273,0.7272727272727273,0.8181818181818182,1.0,1.1818181818181819
dragon,0.7272727272727273,0.8181818181818182,0.7272727272727273,1.1818181818181819,1.0
water,1.1111111111111112,1.1111111111111112,1.0,1.6666666666666667,1.5555555555555556
ground,1.1111111111111112,1.6666666666666667,1.5555555555555556,1.1111111111111112,1.0
dragon,1.105263157894737,1.5789473684210527,0.9473684210526315,1.5789473684210527,0.9473684210526315
steel,1.0,1.0,1.0,1.0,1.0
psychic,0.3333333333333333,1.0,0.3333333333333333,1.0,0.3333333333333333
grass,1.7741935483870968,2.193548387096774,2.064516129032258,1.4516129032258065,1.7741935483870968
grass,2.0833333333333335,2.4722222222222223,2.361111111111111,1.5277777777777777,1.8055555555555556
grass,1.6964285714285714,1.9464285714285714,1.875,1.3392857142857142,1.5178571428571428
fire,0.7213114754098361,0.9508196721311475,0.7213114754098361,0.9508196721311475,0.7213114754098361
fire,0.7901234567901234,0.9629629629629629,0.6419753086419753,0.9629629629629629,0.6419753086419753
fire,0.7037037037037037,0.9629629629629629,0.6574074074074074,0.9629629629629629,0.6574074074074074
water,1.325,1.275,1.325,1.525,1.4
water,1.28,1.32,1.36,1.62,1.52
water,1.4,1.4333333333333333,1.4666666666666666,1.85,1.6833333333333333
normal,0.6666666666666666,0.9166666666666666,0.5,0.5,0.5
normal,0.6875,0.9375,0.625,0.5,0.5
normal,0.85,1.2,0.7,0.5,0.6
normal,1.903225806451613,1.4516129032258065,1.2903225806451613,1.1290322580645162,1.2903225806451613
normal,1.1126760563380282,1.1971830985915493,0.8450704225352113,0.7746478873239436,0.8450704225352113
bug,1.48,1.0,1.64,1.0,1.64
bug,1.1846153846153846,1.3076923076923077,0.7846153846153846,0.8461538461538461,0.7846153846153846
electric,1.0,1.4444444444444444,0.7555555555555555,0.8888888888888888,0.7555555555555555
electric,1.0,1.4166666666666667,0.8166666666666667,1.0,0.8166666666666667
electric,1.1428571428571428,1.7142857142857142,1.1285714285714286,1.3571428571428572,1.1285714285714286
grass,0.7272727272727273,0.5454545454545454,0.6363636363636364,0.9090909090909091,1.2727272727272727
grass,0.6666666666666666,0.7777777777777778,0.7222222222222222,1.3888888888888888,1.1666666666666667
rock,1.1551724137931034,2.1551724137931036,0.6896551724137931,0.5172413793103449,0.5172413793103449
rock,1.6724137931034482,2.8448275862068964,1.0344827586206897,1.1206896551724137,0.8620689655172413
rock,1.0,1.4,3.933333333333333,1.4,2.933333333333333
rock,2.0,1.7333333333333334,5.6,1.5666666666666667,4.6
bug,1.1111111111111112,0.8055555555555556,1.25,0.8055555555555556,1.25
bug,1.6666666666666667,1.6388888888888888,2.361111111111111,2.1944444444444446,2.9166666666666665
bug,1.0606060606060606,1.4242424242424243,0.7575757575757576,1.4242424242424243,0.7575757575757576
bug,0.42857142857142855,0.42857142857142855,0.6,0.42857142857142855,0.6
bug,1.75,2.0,2.55,2.0,2.55
electric,0.631578947368421,0.47368421052631576,0.7368421052631579,0.47368421052631576,0.9473684210526315
water,0.6470588235294118,0.7647058823529411,0.4117647058823529,0.7058823529411765,0.35294117647058826
water,0.7391304347826086,0.9130434782608695,0.4782608695652174,0.7391304347826086,0.43478260869565216
grass,1.2857142857142858,1.0,1.2857142857142858,1.7714285714285714,1.5142857142857142
grass,0.8235294117647058,0.7058823529411765,0.8235294117647058,1.0235294117647058,0.9176470588235294
water,2.235294117647059,1.411764705882353,1.411764705882353,1.6764705882352942,1.8235294117647058
water,2.8461538461538463,2.128205128205128,1.7435897435897436,2.358974358974359,2.1025641025641026
normal,0.6521739130434783,0.8695652173913043,0.5739130434782609,0.5217391304347826,0.5739130434782609
ghost,1.2857142857142858,0.7142857142857143,0.4857142857142857,0.8571428571428571,0.6285714285714286
ghost,1.875,1.0,0.55,1.125,0.675
normal,0.6470588235294118,0.7764705882352941,0.5176470588235295,0.5176470588235295,0.6588235294117647
normal,0.6190476190476191,0.7238095238095238,0.8,0.5142857142857142,0.9142857142857143
ghost,0.5714285714285714,0.5714285714285714,0.5714285714285714,1.0,1.0
dark,1.408450704225352,1.7605633802816902,0.7323943661971831,1.4788732394366197,0.7323943661971831
normal,0.5764705882352941,0.6470588235294118,0.49411764705882355,0.49411764705882355,0.43529411764705883
normal,0.6339285714285714,0.7321428571428571,0.5714285714285714,0.5714285714285714,0.5267857142857143
psychic,1.0,0.6666666666666666,1.1111111111111112,1.4444444444444444,1.1111111111111112
poison,0.8513513513513513,0.8513513513513513,0.6351351351351351,0.5540540540540541,0.5540540540540541
poison,1.2261904761904763,1.1071428571428572,0.7976190476190477,0.8452380952380952,0.7261904761904762
steel,2.4782608695652173,1.0434782608695652,3.739130434782609,1.0434782608695652,3.739130434782609
steel,2.0303030303030303,2.696969696969697,3.515151515151515,2.393939393939394,3.515151515151515
rock,5.0,8.0,9.5,1.0,4.5
psychic,0.3333333333333333,0.4166666666666667,0.75,1.1666666666666667,1.5
normal,3.3333333333333335,0.16666666666666666,0.16666666666666666,0.5,2.1666666666666665
normal,0.8351648351648352,0.7142857142857143,0.4945054945054945,1.010989010989011,0.46153846153846156
ghost,1.4285714285714286,2.6285714285714286,3.085714285714286,2.6285714285714286,3.085714285714286
dragon,1.380952380952381,1.6666666666666667,1.0714285714285714,0.9523809523809523,1.0714285714285714
dragon,0.8292682926829268,1.0975609756097562,0.7926829268292683,0.6097560975609756,0.6707317073170732
dragon,1.0588235294117647,1.2745098039215685,0.9313725490196079,0.7843137254901961,0.8333333333333334
normal,27.0,17.0,8.0,8.0,17.0
fighting,0.6666666666666666,1.1666666666666667,0.6666666666666666,0.5833333333333334,0.6666666666666666
fighting,0.7777777777777778,1.2222222222222223,0.7777777777777778,1.2777777777777777,0.7777777777777778
ground,2.125,2.25,2.4375,1.1875,1.3125
ground,2.297872340425532,2.382978723404255,2.5106382978723403,1.446808510638298,1.5319148936170213
poison,0.6153846153846154,0.7692307692307693,1.3846153846153846,0.46153846153846156,0.8461538461538461
poison,0.7368421052631579,0.9473684210526315,1.1578947368421053,0.631578947368421,0.7894736842105263
poison,0.96,1.22,0.8,1.22,0.8
poison,0.9764705882352941,1.2470588235294118,0.7647058823529411,1.011764705882353,0.7647058823529411
grass,1.608695652173913,2.1739130434782608,1.565217391304348,1.9565217391304348,1.565217391304348
water,0.7424242424242424,0.7424242424242424,0.8484848484848485,0.7424242424242424,0.9242424242424242
water,0.7582417582417582,0.7582417582417582,0.8351648351648352,0.7582417582417582,0.945054945054945
water,0.9,0.4,1.0,1.2,2.4
grass,1.5,1.55,1.25,1.55,1.5
grass,1.5,1.5333333333333334,1.25,1.5333333333333334,1.4166666666666667
dark,0.56,0.96,0.52,0.36,0.68
electric,1.1666666666666667,1.1666666666666667,1.9166666666666667,2.1666666666666665,1.5
normal,2.2,1.7,1.9,1.6,1.9
ground,2.875,3.5,3.25,1.375,1.375
grass,2.0,2.0,2.5,2.2,1.0
electric,0.7894736842105263,1.2947368421052632,0.7052631578947368,1.0,0.8947368421052632
fire,0.9036144578313253,1.144578313253012,0.8072289156626506,1.5060240963855422,1.144578313253012
fairy,1.0625,0.625,1.1875,1.5,1.4375
bug,0.9052631578947369,0.8,0.9052631578947369,1.2210526315789474,0.5894736842105263
grass,0.6842105263157895,1.1578947368421053,1.368421052631579,0.631578947368421,0.6842105263157895
ice,1.0,0.9230769230769231,1.6923076923076923,2.0,1.4615384615384615
ground,0.7894736842105263,1.0,1.3157894736842106,0.47368421052631576,0.7894736842105263
ice,1.375,1.625,1.0,0.875,0.75
normal,0.9444444444444444,0.8888888888888888,0.7777777777777778,1.5,0.8333333333333334
psychic,0.85,1.5625,0.8125,0.8125,1.4375
rock,1.5,1.375,3.625,1.875,3.75
ghost,1.0,2.2222222222222223,3.0,1.4444444444444444,3.0
ice,0.6363636363636364,0.7272727272727273,0.6363636363636364,0.7272727272727273,0.6363636363636364
electric,0.5494505494505495,0.5494505494505495,0.8461538461538461,1.043956043956044,0.8461538461538461
psychic,0.7894736842105263,0.7894736842105263,1.368421052631579,0.7894736842105263,1.368421052631579
psychic,1.0,1.3125,1.3125,1.3125,1.3125
psychic,0.6521739130434783,1.0869565217391304,0.6086956521739131,1.0869565217391304,0.6086956521739131
steel,1.1111111111111112,1.3333333333333333,1.3333333333333333,1.6666666666666667,1.1111111111111112
water,0.9,1.2,1.0,1.5,1.2
fire,1.1818181818181819,1.1688311688311688,1.3766233766233766,1.6883116883116882,1.3766233766233766
normal,1.1,1.6,1.1,0.8,1.1
ghost,1.6666666666666667,1.1111111111111112,1.3333333333333333,1.1111111111111112,1.3333333333333333
psychic,1.411764705882353,0.8235294117647058,1.2941176470588236,0.8823529411764706,1.411764705882353
water,1.0,1.0,1.0,1.0,1.0
water,1.0,1.0,1.0,1.0,1.0
dark,0.56,0.72,0.72,1.08,0.72
grass,1.0,1.0,1.0,1.0,1.0
normal,1.0,1.0,1.0,1.0,1.0
psychic,1.0,1.0,1.0,1.0,1.0
grass,0.7142857142857143,0.7142857142857143,0.873015873015873,0.7142857142857143,0.873015873015873
grass,0.7228915662650602,0.7228915662650602,0.9036144578313253,0.7228915662650602,0.9036144578313253
grass,0.6637168141592921,0.6637168141592921,0.8407079646017699,0.6637168141592921,0.8407079646017699
fire,1.4444444444444444,1.4,1.0,1.0,1.0
fire,1.6363636363636365,1.690909090909091,1.0,1.2727272727272727,1.0
fire,1.6923076923076923,1.8923076923076922,1.0,1.5384615384615385,1.0
water,1.2222222222222223,1.2222222222222223,1.0,1.4,1.0
water,1.25,1.25,1.0,1.3833333333333333,1.0
water,1.3571428571428572,1.4285714285714286,1.2142857142857142,1.542857142857143,1.0
normal,1.0714285714285714,1.3095238095238095,0.9285714285714286,0.8333333333333334,0.9285714285714286
normal,0.7792207792207793,1.103896103896104,0.8961038961038961,0.7792207792207793,0.8961038961038961
normal,0.8181818181818182,1.0909090909090908,0.8181818181818182,0.45454545454545453,0.8181818181818182
normal,1.0833333333333333,1.3333333333333333,1.0833333333333333,0.5833333333333334,1.0833333333333333
normal,1.0625,1.375,1.125,0.5625,1.125
dark,0.6212121212121212,0.7575757575757576,0.5606060606060606,0.7575757575757576,0.5606060606060606
dark,0.6037735849056604,0.8301886792452831,0.4716981132075472,0.8301886792452831,0.4716981132075472
grass,0.78125,0.828125,0.75,0.828125,0.75
grass,0.7425742574257426,0.9702970297029703,0.6237623762376238,0.9702970297029703,0.6237623762376238
fire,0.78125,0.828125,0.75,0.828125,0.75
fire,0.7425742574257426,0.9702970297029703,0.6237623762376238,0.9702970297029703,0.6237623762376238
water,0.78125,0.828125,0.75,0.828125,0.75
water,0.7425742574257426,0.9702970297029703,0.6237623762376238,0.9702970297029703,0.6237623762376238
psychic,3.1666666666666665,1.0416666666666667,1.875,2.7916666666666665,2.2916666666666665
psychic,4.0,1.896551724137931,2.9310344827586206,3.689655172413793,3.2758620689655173
normal,1.1627906976744187,1.2790697674418605,1.1627906976744187,0.8372093023255814,0.6976744186046512
normal,0.9538461538461539,1.1846153846153846,0.9538461538461539,0.7692307692307693,0.6461538461538462
normal,0.8602150537634409,1.2365591397849462,0.8602150537634409,0.6989247311827957,0.5913978494623656
electric,0.5921052631578947,0.7894736842105263,0.42105263157894735,0.6578947368421053,0.42105263157894735
electric,0.646551724137931,0.8620689655172413,0.5431034482758621,0.6896551724137931,0.5431034482758621
rock,3.6666666666666665,5.0,5.666666666666667,1.6666666666666667,1.6666666666666667
rock,3.5,5.25,5.25,2.5,2.0
rock,3.4,5.4,5.2,2.4,3.2
psychic,0.9027777777777778,0.625,0.5972222222222222,0.7638888888888888,0.5972222222222222
psychic,0.5877192982456141,0.5,0.4824561403508772,0.6754385964912281,0.4824561403508772
ground,0.8823529411764706,1.25,0.5882352941176471,0.4411764705882353,0.6617647058823529
ground,1.25,1.5340909090909092,0.6818181818181818,0.5681818181818182,0.7386363636363636
normal,2.06,1.2,1.72,1.2,1.72
fighting,2.142857142857143,2.2857142857142856,1.5714285714285714,0.7142857142857143,1.0
fighting,2.125,2.625,2.125,1.0,1.25
fighting,2.3333333333333335,3.111111111111111,2.111111111111111,1.2222222222222223,1.4444444444444444
water,0.78125,0.78125,0.625,0.78125,0.625
water,1.0869565217391304,0.9420289855072463,0.7971014492753623,0.9420289855072463,0.7971014492753623
water,1.4189189189189189,1.2837837837837838,1.0135135135135136,1.1486486486486487,1.0135135135135136
fighting,2.6666666666666665,2.2222222222222223,1.8888888888888888,0.6666666666666666,1.8888888888888888
fighting,0.8823529411764706,1.4705882352941178,0.8823529411764706,0.35294117647058826,0.8823529411764706
bug,1.0714285714285714,1.2619047619047619,1.6666666666666667,0.9523809523809523,1.4285714285714286
bug,1.3095238095238095,1.5,2.142857142857143,1.1904761904761905,1.9047619047619047
bug,0.8152173913043478,1.1195652173913044,0.8695652173913043,0.7608695652173914,0.8695652173913043
bug,0.5263157894736842,0.7894736842105263,1.0350877192982457,0.5263157894736842,0.6842105263157895
bug,0.851063829787234,1.1702127659574468,2.106382978723404,0.851063829787234,1.6808510638297873
bug,0.5357142857142857,0.8928571428571429,0.7946428571428571,0.49107142857142855,0.6160714285714286
grass,0.6060606060606061,0.4090909090909091,0.9090909090909091,0.5606060606060606,0.7575757575757576
grass,0.5172413793103449,0.5775862068965517,0.7327586206896551,0.6637931034482759,0.646551724137931
grass,1.5,1.1666666666666667,1.6666666666666667,2.3333333333333335,1.6666666666666667
grass,0.7777777777777778,0.6666666666666666,0.8333333333333334,1.2222222222222223,0.8333333333333334
water,0.7142857142857143,0.9387755102040817,0.6632653061224489,0.8163265306122449,0.5612244897959183
ground,0.7692307692307693,1.1076923076923078,0.5384615384615384,0.5384615384615384,0.5384615384615384
ground,0.8108108108108109,1.1081081081081081,0.6081081081081081,0.6081081081081081,0.6081081081081081
ground,1.0326086956521738,1.2717391304347827,0.8695652173913043,0.7065217391304348,0.7608695652173914
fire,1.4,1.8,0.9,0.3,0.9
fire,1.105263157894737,1.4736842105263157,0.5789473684210527,0.3157894736842105,0.5789473684210527
grass,1.25,1.4333333333333333,1.1166666666666667,1.7666666666666666,1.1166666666666667
bug,0.9090909090909091,1.1818181818181819,1.5454545454545454,0.6363636363636364,0.6363636363636364
bug,1.5555555555555556,2.3333333333333335,2.7777777777777777,1.4444444444444444,1.6666666666666667
dark,1.0416666666666667,1.5625,1.4583333333333333,0.7291666666666666,1.4583333333333333
dark,1.1206896551724137,1.5517241379310345,1.9827586206896552,0.7758620689655172,1.9827586206896552
psychic,0.7422680412371134,0.5979381443298969,0.8247422680412371,1.0618556701030928,0.8247422680412371
ghost,1.2666666666666666,1.0,2.8333333333333335,1.8333333333333333,2.1666666666666665
ghost,1.9333333333333333,1.6666666666666667,4.833333333333333,3.1666666666666665,3.5
water,2.4545454545454546,3.5454545454545454,4.681818181818182,2.409090909090909,2.0454545454545454
water,2.3125,3.375,4.15625,2.59375,2.03125
rock,0.7857142857142857,1.6,0.6428571428571429,1.0571428571428572,0.6428571428571429
rock,0.6818181818181818,1.2727272727272727,0.5909090909090909,1.018181818181818,0.5909090909090909
poison,0.7692307692307693,0.7692307692307693,0.9538461538461539,0.6153846153846154,0.9538461538461539
poison,1.0666666666666667,1.2666666666666666,1.0933333333333333,0.8,1.0933333333333333
dark,0.6153846153846154,1.0,0.6153846153846154,1.2307692307692308,0.6153846153846154
dark,0.5714285714285714,1.0,0.5714285714285714,1.1428571428571428,0.5714285714285714
normal,0.7333333333333333,0.6666666666666666,0.5333333333333333,0.5333333333333333,0.5333333333333333
normal,0.6521739130434783,0.8260869565217391,0.5217391304347826,0.5652173913043478,0.5217391304347826
psychic,1.0,0.6666666666666666,1.1111111111111112,1.2222222222222223,1.4444444444444444
psychic,1.0909090909090908,0.8181818181818182,1.2727272727272727,1.3636363636363635,1.5454545454545454
psychic,1.0769230769230769,0.8461538461538461,1.4615384615384615,1.4615384615384615,1.6923076923076923
psychic,2.25,1.5,2.0,5.25,2.5
psychic,2.1666666666666665,1.3333333333333333,1.6666666666666667,4.166666666666667,2.0
psychic,3.6666666666666665,2.1666666666666665,2.5,4.166666666666667,2.8333333333333335
water,1.1272727272727272,0.8,0.9090909090909091,0.8,0.9090909090909091
water,0.7653061224489796,0.8877551020408163,0.6428571428571429,0.8877551020408163,0.6428571428571429
ice,0.8181818181818182,1.1363636363636365,1.1363636363636365,1.4772727272727273,1.3636363636363635
ice,0.864406779661017,1.1016949152542372,1.1016949152542372,1.3559322033898304,1.271186440677966
ice,0.8987341772151899,1.2025316455696202,1.0759493670886076,1.3924050632911393,1.2025316455696202
normal,0.8,0.8,0.6666666666666666,0.5333333333333333,0.6666666666666666
normal,0.8421052631578947,1.0526315789473684,0.7368421052631579,0.631578947368421,0.7368421052631579
electric,0.5339805825242718,0.7281553398058253,0.5825242718446602,0.7281553398058253,0.5825242718446602
bug,0.8333333333333334,1.25,0.75,0.6666666666666666,0.75
bug,3.5,6.75,5.25,3.0,5.25
grass,4.6,3.6666666666666665,3.0,3.6666666666666665,3.6666666666666665
grass,3.8,2.8333333333333335,2.3333333333333335,2.8333333333333335,2.6666666666666665
water,1.375,1.0,1.25,1.625,2.125
water,1.6666666666666667,1.0,1.1666666666666667,1.4166666666666667,1.75
water,2.5384615384615383,1.1538461538461537,1.2307692307692308,0.6153846153846154,0.6923076923076923
bug,0.7692307692307693,0.7230769230769231,0.7692307692307693,0.8769230769230769,0.7692307692307693
bug,0.6481481481481481,0.7129629629629629,0.5555555555555556,0.8981481481481481,0.5555555555555556
grass,4.4,5.0,9.1,2.4,8.6
grass,3.7,4.7,6.55,2.7,5.8
steel,1.3333333333333333,1.8333333333333333,2.3333333333333335,1.5,2.0
steel,1.2,1.6,1.9,1.4,1.7
steel,0.6666666666666666,1.1111111111111112,1.2777777777777777,0.7777777777777778,0.9444444444444444
electric,0.5833333333333334,0.9166666666666666,0.6666666666666666,0.75,0.6666666666666666
electric,1.625,2.125,1.75,1.875,1.75
electric,1.7,2.3,1.6,2.1,1.6
psychic,1.8333333333333333,1.8333333333333333,1.8333333333333333,2.8333333333333335,1.8333333333333333
psychic,1.875,1.875,1.875,3.125,2.375
ghost,2.5,1.5,2.75,3.25,2.75
ghost,1.0909090909090908,0.7272727272727273,1.0909090909090908,1.7272727272727273,1.0909090909090908
ghost,0.75,0.6875,1.125,1.8125,1.125
dragon,0.8070175438596491,1.5263157894736843,1.0526315789473684,0.5263157894736842,0.7017543859649122
dragon,0.9850746268656716,1.7462686567164178,1.044776119402985,0.5970149253731343,0.746268656716418
dragon,0.7835051546391752,1.5154639175257731,0.9278350515463918,0.6185567010309279,0.7216494845360825
ice,1.375,1.75,1.0,1.5,1.0
ice,1.9,2.6,1.6,1.4,1.6
ice,0.7619047619047619,0.47619047619047616,0.47619047619047616,0.9047619047619048,1.2857142857142858
bug,2.0,1.6,3.4,1.6,2.6
bug,0.5517241379310345,0.4827586206896552,0.27586206896551724,0.6896551724137931,0.41379310344827586
ground,3.40625,2.0625,2.625,2.53125,3.09375
fighting,0.6923076923076923,1.3076923076923077,0.7692307692307693,0.8461538461538461,0.7692307692307693
fighting,0.6190476190476191,1.1904761904761905,0.5714285714285714,0.9047619047619048,0.5714285714285714
dragon,1.6041666666666667,2.5,1.875,1.25,1.875
ground,1.6857142857142857,2.1142857142857143,1.4285714285714286,1.0,1.4285714285714286
ground,1.6181818181818182,2.2545454545454544,1.4545454545454546,1.0,1.4545454545454546
dark,0.75,1.4166666666666667,1.1666666666666667,0.6666666666666666,0.6666666666666666
dark,0.9285714285714286,1.7857142857142858,1.4285714285714286,0.8571428571428571,1.0
normal,1.7272727272727273,2.0,1.7272727272727273,0.7272727272727273,1.7272727272727273
normal,1.1666666666666667,1.3833333333333333,0.8333333333333334,0.6166666666666667,0.8333333333333334
normal,1.25,1.5375,0.9375,0.7125,0.9375
dark,1.1666666666666667,0.9166666666666666,1.25,0.75,1.0833333333333333
dark,1.375,0.8125,1.3125,0.6875,1.1875
fire,1.3076923076923077,1.4923076923076923,1.0153846153846153,1.6153846153846154,1.0153846153846153
bug,0.5321100917431193,1.0,1.0275229357798166,0.44036697247706424,0.44036697247706424
dark,1.368421052631579,1.7105263157894737,1.3157894736842106,1.1842105263157894,1.3157894736842106
dark,1.2413793103448276,1.4655172413793103,1.206896551724138,1.1206896551724137,1.206896551724138
dark,0.9387755102040817,1.0714285714285714,0.9183673469387755,1.2755102040816326,0.9183673469387755
bug,0.9166666666666666,1.4166666666666667,0.9166666666666666,0.8333333333333334,0.9166666666666666
bug,0.85,0.6,0.65,1.35,1.05
steel,0.8425925925925926,0.8333333333333334,1.1944444444444444,0.8333333333333334,0.6666666666666666
rock,0.8425925925925926,1.1944444444444444,0.8333333333333334,0.6666666666666666,0.8333333333333334
grass,0.8425925925925926,0.8333333333333334,0.6666666666666666,0.8333333333333334,1.1944444444444444
flying,0.7117117117117117,1.0360360360360361,0.6306306306306306,1.1261261261261262,0.7207207207207207
electric,0.7117117117117117,1.0360360360360361,0.6306306306306306,1.1261261261261262,0.7207207207207207
dragon,1.1111111111111112,1.3333333333333333,1.1111111111111112,1.6666666666666667,1.3333333333333333
dragon,1.1111111111111112,1.6666666666666667,1.3333333333333333,1.3333333333333333,1.1111111111111112
ground,0.8811881188118812,1.2376237623762376,0.8910891089108911,1.1386138613861385,0.7920792079207921
dragon,1.3157894736842106,1.368421052631579,0.9473684210526315,1.368421052631579,0.9473684210526315
water,0.8425925925925926,0.6666666666666666,0.8333333333333334,1.1944444444444444,0.8333333333333334
normal,1.1111111111111112,0.8555555555555555,0.8555555555555555,1.4222222222222223,1.4222222222222223
bug,0.7171717171717171,1.2121212121212122,0.9595959595959596,1.2121212121212122,0.9595959595959596
grass,1.4736842105263157,1.605263157894737,1.7105263157894737,1.263157894736842,1.1842105263157894
grass,1.0701754385964912,1.368421052631579,1.6666666666666667,0.9824561403508771,1.0175438596491229
grass,1.375,1.671875,1.90625,1.15625,1.171875
fire,0.6666666666666666,0.75,0.6666666666666666,1.0333333333333334,1.0
fire,0.8082191780821918,0.8082191780821918,0.7945205479452054,1.2328767123287672,0.958904109589041
fire,0.7211538461538461,0.6634615384615384,0.6923076923076923,1.0961538461538463,0.9615384615384616
water,0.5774647887323944,0.7887323943661971,0.5633802816901409,0.8732394366197183,0.6197183098591549
water,0.5567010309278351,0.6494845360824743,0.5360824742268041,0.8556701030927835,0.5773195876288659
water,0.5901639344262295,0.7786885245901639,0.5491803278688525,0.8442622950819673,0.5819672131147541
normal,0.6666666666666666,0.631578947368421,0.6666666666666666,0.5614035087719298,0.631578947368421
normal,1.0897435897435896,0.717948717948718,0.9871794871794872,0.6410256410256411,0.9871794871794872
normal,0.7258064516129032,0.8064516129032258,0.6935483870967742,0.6451612903225806,0.6129032258064516
fire,0.7380952380952381,0.8690476190476191,0.6547619047619048,0.6666666666666666,0.6190476190476191
fire,0.6190476190476191,0.6428571428571429,0.5634920634920635,0.5873015873015873,0.5476190476190477
bug,1.0857142857142856,1.0,1.1428571428571428,0.7714285714285715,0.7142857142857143
bug,1.5517241379310345,0.7586206896551724,2.0689655172413794,0.9310344827586207,1.0344827586206897
bug,0.898876404494382,0.5842696629213483,0.5617977528089888,1.0112359550561798,0.5617977528089888
fire,0.8611111111111112,0.6944444444444444,0.8055555555555556,1.0138888888888888,0.75
fire,0.8113207547169812,0.6415094339622641,0.6792452830188679,1.028301886792453,0.6226415094339622
fairy,1.0476190476190477,0.9047619047619048,0.9285714285714286,1.4523809523809523,1.880952380952381
fairy,1.0384615384615385,0.8653846153846154,0.9038461538461539,1.4423076923076923,1.8846153846153846
fairy,1.04,0.8666666666666667,0.9066666666666666,1.4933333333333334,2.0533333333333332
grass,1.2692307692307692,1.25,0.9230769230769231,1.1923076923076923,1.0961538461538463
grass,1.8088235294117647,1.4705882352941178,0.9117647058823529,1.4264705882352942,1.1911764705882353
fighting,1.558139534883721,1.9069767441860466,1.441860465116279,1.069767441860465,1.1162790697674418
fighting,1.6379310344827587,2.1379310344827585,1.3448275862068966,1.1896551724137931,1.2241379310344827
normal,0.7352941176470589,0.7843137254901961,0.5882352941176471,0.6372549019607843,0.8823529411764706
psychic,0.9117647058823529,0.7058823529411765,0.7941176470588235,0.9264705882352942,0.8823529411764706
psychic,0.7115384615384616,0.46153846153846156,0.7307692307692307,0.7980769230769231,0.7788461538461539
steel,1.6071428571428572,2.857142857142857,3.5714285714285716,1.25,1.3214285714285714
steel,1.6857142857142857,3.142857142857143,4.285714285714286,1.2857142857142858,1.4
steel,1.0,0.8333333333333334,2.3333333333333335,0.8333333333333334,2.3333333333333335
fairy,3.391304347826087,2.260869565217391,2.608695652173913,2.739130434782609,2.8260869565217392
fairy,3.4827586206896552,2.4827586206896552,2.4827586206896552,3.413793103448276,3.0689655172413794
fairy,1.2653061224489797,0.9795918367346939,1.346938775510204,1.2040816326530612,1.163265306122449
fairy,1.1388888888888888,1.1111111111111112,1.1944444444444444,1.1805555555555556,1.0416666666666667
dark,1.1777777777777778,1.2,1.1777777777777778,0.8222222222222222,1.0222222222222221
dark,1.178082191780822,1.2602739726027397,1.2054794520547945,0.9315068493150684,1.0273972602739727
rock,0.84,1.04,1.34,0.78,1.12
rock,1.0588235294117647,1.5441176470588236,1.6911764705882353,0.7941176470588235,1.2647058823529411
poison,1.6666666666666667,2.0,2.0,2.0,2.0
poison,1.4772727272727273,1.7045454545454546,2.0454545454545454,2.2045454545454546,2.7954545454545454
water,1.1363636363636365,1.2045454545454546,1.4090909090909092,1.3181818181818181,1.4318181818181819
water,1.2033898305084745,1.2372881355932204,1.4915254237288136,2.0338983050847457,1.5084745762711864
electric,0.6285714285714286,0.5428571428571428,0.4714285714285714,0.8714285714285714,0.6142857142857143
electric,0.5688073394495413,0.5045871559633027,0.47706422018348627,1.0,0.8623853211009175
rock,1.2083333333333333,1.8541666666666667,1.6041666666666667,0.9375,0.9375
rock,1.1549295774647887,1.704225352112676,1.676056338028169,0.971830985915493,0.8309859154929577
rock,1.673913043478261,1.2826086956521738,1.0869565217391304,1.4565217391304348,1.3695652173913044
rock,2.1206896551724137,1.3275862068965518,1.2413793103448276,1.706896551724138,1.5862068965517242
fairy,1.5833333333333333,1.0833333333333333,1.0833333333333333,1.8333333333333333,2.1666666666666665
fighting,0.6610169491525424,0.7796610169491526,0.635593220338983,0.6271186440677966,0.5338983050847458
electric,0.6633663366336634,0.5742574257425742,0.5643564356435643,0.801980198019802,0.6633663366336634
rock,1.0,1.0,3.0,1.0,3.0
dragon,1.125,1.25,0.875,1.375,1.875
dragon,1.1333333333333333,1.25,0.8833333333333333,1.3833333333333333,1.8833333333333333
dragon,1.125,1.25,0.875,1.375,1.875
steel,0.76,1.0666666666666667,1.2133333333333334,1.0666666666666667,1.16
ghost,1.131578947368421,1.8421052631578947,1.263157894736842,1.3157894736842106,1.5789473684210527
ghost,1.5178571428571428,1.9642857142857142,1.3571428571428572,1.1607142857142858,1.4642857142857142
ghost,0.9607843137254902,1.2941176470588236,1.3725490196078431,0.8627450980392157,1.0784313725490196
ghost,0.7738095238095238,1.0714285714285714,1.4523809523809523,0.6904761904761905,0.8928571428571429
ice,1.9642857142857142,2.4642857142857144,3.0357142857142856,1.1428571428571428,1.25
ice,3.392857142857143,4.178571428571429,6.571428571428571,1.5714285714285714,1.6428571428571428
flying,0.7272727272727273,0.5454545454545454,0.6363636363636364,0.8181818181818182,0.7272727272727273
flying,0.6910569105691057,0.5691056910569106,0.6504065040650406,0.7886178861788617,0.6504065040650406
fairy,1.2727272727272727,1.3232323232323233,0.9595959595959596,1.3232323232323233,0.98989898989899
dark,1.2727272727272727,1.3232323232323233,0.9595959595959596,1.3232323232323233,0.98989898989899
dragon,1.1368421052631579,1.0526315789473684,1.2736842105263158,0.8526315789473684,1.0
rock,1.0,2.0,3.0,2.0,3.0
psychic,1.1428571428571428,1.5714285714285714,0.8571428571428571,2.142857142857143,1.8571428571428572
fire,1.1428571428571428,1.5714285714285714,1.7142857142857142,1.8571428571428572,1.2857142857142858
grass,1.619047619047619,1.3095238095238095,1.3095238095238095,1.1904761904761905,1.1904761904761905
grass,1.5,1.4423076923076923,1.4423076923076923,1.3461538461538463,1.3461538461538463
grass,1.1142857142857143,1.5285714285714285,1.0714285714285714,1.4285714285714286,1.4285714285714286
fire,0.6428571428571429,0.9285714285714286,0.5714285714285714,0.8571428571428571,0.5714285714285714
fire,0.7222222222222222,0.9444444444444444,0.5555555555555556,0.8888888888888888,0.5555555555555556
fire,1.5833333333333333,1.9166666666666667,1.5,1.3333333333333333,1.5
water,1.25,1.35,1.35,1.65,1.4
water,1.2,1.38,1.38,1.82,1.62
water,1.3333333333333333,1.2333333333333334,1.2333333333333334,2.1,1.9333333333333333
normal,0.5384615384615384,1.1538461538461537,0.46153846153846156,0.46153846153846156,0.46153846153846156
normal,0.7333333333333333,1.1333333333333333,0.6666666666666666,0.5333333333333333,0.6666666666666666
normal,1.3333333333333333,2.0,1.25,1.25,1.25
normal,1.0666666666666667,1.5555555555555556,0.6666666666666666,0.6666666666666666,0.6666666666666666
normal,1.9555555555555555,2.4444444444444446,1.3333333333333333,1.2222222222222223,1.3333333333333333
bug,1.0217391304347827,1.3478260869565217,0.9782608695652174,1.1956521739130435,0.9782608695652174
bug,1.5833333333333333,2.2777777777777777,2.638888888888889,1.5277777777777777,2.0833333333333335
bug,1.7906976744186047,1.627906976744186,2.0930232558139537,3.372093023255814,1.744186046511628
fighting,0.746031746031746,1.3015873015873016,0.9047619047619048,0.6666666666666666,0.746031746031746
fighting,2.255813953488372,3.0697674418604652,1.7906976744186047,1.441860465116279,1.558139534883721
fire,0.8064516129032258,0.7526881720430108,0.7526881720430108,1.053763440860215,0.7526881720430108
bug,0.47619047619047616,0.5357142857142857,0.47619047619047616,0.6547619047619048,0.47619047619047616
bug,0.4838709677419355,0.4435483870967742,0.4838709677419355,0.7661290322580645,0.5645161290322581
rock,0.75,1.0833333333333333,0.6666666666666666,0.5,0.6666666666666666
rock,0.6696428571428571,1.0267857142857142,0.5803571428571429,0.49107142857142855,0.5803571428571429
water,1.125,0.5,0.5,0.625,0.625
poison,1.1111111111111112,1.1777777777777778,1.3777777777777778,0.9555555555555556,1.1555555555555554
poison,1.4285714285714286,1.8,4.3428571428571425,1.5142857142857142,4.057142857142857
ground,1.5555555555555556,2.2222222222222223,1.5555555555555556,1.0,1.2222222222222223
ground,2.857142857142857,3.5714285714285716,2.857142857142857,1.5714285714285714,2.4285714285714284
water,1.4074074074074074,1.4814814814814814,1.9259259259259258,1.4814814814814814,2.6666666666666665
water,1.619047619047619,1.6666666666666667,2.1904761904761907,1.1904761904761905,3.142857142857143
grass,1.1428571428571428,1.5714285714285714,1.0,1.4285714285714286,1.0
grass,1.5555555555555556,2.3333333333333335,2.0,1.7777777777777777,2.0
grass,2.6666666666666665,2.3333333333333335,3.6666666666666665,4.333333333333333,5.0
grass,2.0,1.5,2.6666666666666665,3.0,3.3333333333333335
poison,0.6233766233766234,0.5714285714285714,0.5194805194805194,0.922077922077922,0.5194805194805194
poison,0.5811965811965812,0.5470085470085471,0.5128205128205128,0.9487179487179487,0.5128205128205128
normal,1.4,1.5,1.0,0.9,1.0
normal,2.0,2.0833333333333335,1.3333333333333333,0.9166666666666666,1.0
grass,1.3125,0.9375,1.1875,0.9375,1.1875
grass,0.8387096774193549,0.6451612903225806,0.7741935483870968,0.6451612903225806,0.7741935483870968
grass,1.0,1.6666666666666667,1.3611111111111112,0.6944444444444444,1.3611111111111112
fairy,0.51,0.52,0.9,0.82,1.1
normal,1.5,1.0,1.3333333333333333,1.5,1.8333333333333333
fighting,1.25,1.5,1.125,0.5,0.75
bug,0.3125,0.4375,0.5,0.25,0.375
bug,1.875,3.125,3.5,1.5,2.25
ghost,3.6666666666666665,3.6666666666666665,5.333333333333333,4.666666666666667,3.0
ghost,2.4285714285714284,2.142857142857143,3.142857142857143,2.857142857142857,2.142857142857143
water,11.0,12.0,26.0,6.0,26.0
normal,1.6101694915254237,1.6101694915254237,1.6101694915254237,1.6101694915254237,1.6101694915254237
normal,1.0,1.0,1.0,1.0,1.0
rock,1.0,1.0,1.6666666666666667,1.0,1.6666666666666667
normal,1.0,1.7692307692307692,1.0,1.1538461538461537,1.4615384615384615
fire,1.6666666666666667,2.1666666666666665,3.75,2.5277777777777777,2.361111111111111
electric,0.6770833333333334,1.0208333333333333,0.65625,0.4166666666666667,0.7604166666666666
ghost,0.5729166666666666,0.9375,0.8333333333333334,0.5208333333333334,1.09375
water,0.7391304347826086,1.141304347826087,0.7608695652173914,0.7608695652173914,0.7608695652173914
normal,2.1666666666666665,1.6666666666666667,2.361111111111111,3.75,2.5277777777777777
ghost,1.75,3.275,2.5,2.15,2.25
dragon,1.0,1.2222222222222223,1.4444444444444444,1.0,1.0
dragon,0.8461538461538461,1.1538461538461537,1.3846153846153846,1.0,1.0769230769230769
dragon,0.8823529411764706,1.2941176470588236,1.4705882352941178,1.1764705882352942,1.2352941176470589
electric,0.5384615384615384,0.8846153846153846,0.6538461538461539,0.7307692307692307,0.5769230769230769
psychic,0.7368421052631579,0.8947368421052632,0.7894736842105263,1.368421052631579,1.2105263157894737
grass,0.9333333333333333,1.7333333333333334,1.5333333333333334,1.1333333333333333,1.2666666666666666
water,0.8235294117647058,0.8823529411764706,1.3529411764705883,1.1176470588235294,1.5294117647058822
psychic,1.162162162162162,0.7837837837837838,0.8378378378378378,0.7837837837837838,0.8378378378378378
psychic,1.162162162162162,0.7837837837837838,3.5405405405405403,0.7837837837837838,3.5405405405405403
psychic,1.4123711340206186,1.4123711340206186,1.1030927835051547,1.1649484536082475,0.9175257731958762
psychic,1.4123711340206186,1.1649484536082475,0.9175257731958762,1.4123711340206186,1.1030927835051547
rock,1.058252427184466,0.5145631067961165,0.4563106796116505,1.233009708737864,1.2718446601941749
bug,1.3544303797468353,1.759493670886076,1.759493670886076,0.6708860759493671,0.6708860759493671
bug,0.47019867549668876,0.9072847682119205,0.24503311258278146,0.9072847682119205,0.24503311258278146
electric,1.0,1.072289156626506,0.8554216867469879,2.0843373493975905,0.8554216867469879
steel,1.5901639344262295,1.6557377049180328,1.6885245901639345,1.7540983606557377,1.6557377049180328
grass,0.5412844036697247,1.6605504587155964,1.201834862385321,0.5412844036697247,0.28440366972477066
dark,5.186046511627907,2.3488372093023258,1.2325581395348837,2.255813953488372,1.2325581395348837
psychic,1.2278481012658229,1.3544303797468353,1.2784810126582278,1.6075949367088607,1.1265822784810127
steel,1.2307692307692308,1.4615384615384615,1.7692307692307692,2.0,1.7692307692307692
fighting,0.72,1.0,0.64,0.72,0.72
poison,0.9178082191780822,1.0,0.9178082191780822,1.0,0.9178082191780822
poison,0.6033057851239669,0.6033057851239669,0.6033057851239669,1.0495867768595042,0.6033057851239669
rock,4.6923076923076925,10.076923076923077,16.23076923076923,4.076923076923077,7.769230769230769
fire,0.4953271028037383,1.1869158878504673,0.4953271028037383,1.411214953271028,0.7383177570093458
electric,0.6153846153846154,0.7832167832167832,0.5244755244755245,0.7132867132867133,0.5594405594405595
steel,1.3529411764705883,1.911764705882353,1.911764705882353,1.6176470588235294,1.0294117647058822
steel,3.9705882352941178,4.205882352941177,4.205882352941177,2.3529411764705883,1.911764705882353
grass,0.7692307692307693,1.0,0.7692307692307693,0.6153846153846154,0.6153846153846154
grass,0.875,1.0625,0.875,0.6875,0.75
grass,1.1764705882352942,1.4705882352941178,1.0588235294117647,0.7058823529411765,0.8235294117647058
fire,0.7246376811594203,1.0289855072463767,0.5797101449275363,0.5797101449275363,0.5797101449275363
fire,0.6914893617021277,0.9148936170212766,0.6382978723404256,0.5851063829787234,0.6382978723404256
fire,0.6722689075630253,0.9747899159663865,0.6302521008403361,0.5462184873949579,0.6302521008403361
water,0.7142857142857143,0.5714285714285714,0.5714285714285714,1.0,0.5714285714285714
water,0.7222222222222222,0.6666666666666666,0.6111111111111112,1.0555555555555556,0.6111111111111112
water,0.5833333333333334,0.7083333333333334,0.5416666666666666,1.0416666666666667,0.5416666666666666
normal,2.8,2.2,2.2,1.4,1.4
normal,6.0,4.75,4.75,2.75,3.75
flying,0.6666666666666666,0.8245614035087719,0.6140350877192983,0.5789473684210527,0.6140350877192983
flying,0.8831168831168831,0.8701298701298701,0.7142857142857143,0.5584415584415584,0.7142857142857143
flying,1.462686567164179,1.2985074626865671,1.5671641791044777,0.7910447761194029,1.2686567164179106
bug,0.5555555555555556,0.4444444444444444,0.4444444444444444,0.5555555555555556,1.0
bug,1.6666666666666667,1.1666666666666667,2.6666666666666665,1.6666666666666667,3.0
bug,0.6666666666666666,0.5,1.2222222222222223,0.8888888888888888,1.3333333333333333
dark,0.8,0.56,0.56,0.94,1.04
dark,0.7777777777777778,0.6444444444444445,0.6444444444444445,0.9666666666666667,1.0222222222222221
grass,4.0,4.0,6.0,4.0,6.0
grass,1.0,0.8333333333333334,1.5,1.3333333333333333,2.0
normal,0.875,0.8333333333333334,1.1458333333333333,0.8333333333333334,0.9375
normal,0.8181818181818182,0.9090909090909091,1.1363636363636365,0.6818181818181818,1.0227272727272727
water,1.1363636363636365,1.4545454545454546,1.1363636363636365,0.8636363636363636,0.8636363636363636
water,1.2162162162162162,1.554054054054054,1.2162162162162162,0.6486486486486487,0.918918918918919
electric,2.269230769230769,1.7307692307692308,1.9230769230769231,1.5384615384615385,1.9230769230769231
electric,0.5702479338842975,0.743801652892562,0.49586776859504134,0.743801652892562,0.49586776859504134
rock,1.0,1.3333333333333333,1.6666666666666667,1.3333333333333333,1.6666666666666667
rock,1.6,1.2,1.8,1.2,1.4
rock,3.6666666666666665,2.6666666666666665,4.0,2.6666666666666665,3.0
grass,2.0,2.0,4.0,2.0,2.0
grass,1.0,1.5714285714285714,1.1428571428571428,1.3571428571428572,0.8571428571428571
grass,3.6666666666666665,2.8333333333333335,2.6666666666666665,3.3333333333333335,2.6666666666666665
ground,1.1304347826086956,1.2391304347826086,1.6304347826086956,0.7608695652173914,1.0869565217391304
ground,1.0140845070422535,1.5070422535211268,1.7605633802816902,0.9154929577464789,0.9859154929577465
flying,0.8235294117647058,1.0,0.6470588235294118,1.0,1.1176470588235294
water,0.6212121212121212,0.9545454545454546,0.6060606060606061,0.6060606060606061,0.45454545454545453
water,0.4485294117647059,0.9044117647058824,0.4411764705882353,0.4411764705882353,0.36764705882352944
electric,1.0,0.95,0.875,1.35,0.875
electric,1.0,1.3066666666666666,0.9333333333333333,1.52,0.9333333333333333
fire,1.1111111111111112,1.4444444444444444,1.0,1.1111111111111112,1.1111111111111112
fire,1.5384615384615385,1.7692307692307692,1.0,1.3846153846153846,1.3846153846153846
fighting,1.5625,2.125,1.875,1.5625,1.5625
fighting,1.9047619047619047,2.8095238095238093,2.142857142857143,1.6666666666666667,1.9047619047619047
ghost,0.8,0.9,0.9,1.48,1.08
ghost,0.8571428571428571,0.9285714285714286,0.9285714285714286,1.9142857142857144,1.6285714285714286
psychic,1.0769230769230769,0.7692307692307693,1.1538461538461537,1.435897435897436,1.358974358974359
psychic,1.163265306122449,0.8163265306122449,1.3265306122448979,1.7551020408163265,1.489795918367347
psychic,1.9655172413793103,3.103448275862069,3.2758620689655173,4.689655172413793,3.5517241379310347
dark,0.9,0.9,0.6,1.1,0.8
dark,0.9285714285714286,0.8571428571428571,0.6428571428571429,1.0714285714285714,0.7857142857142857
dark,1.5833333333333333,2.0,1.0833333333333333,1.5833333333333333,1.25
dark,0.9789473684210527,0.9473684210526315,1.063157894736842,0.631578947368421,0.8526315789473684
steel,1.4,2.2,2.0,1.0,1.2
ghost,2.0,3.1666666666666665,1.6666666666666667,4.833333333333333,4.333333333333333
fighting,0.9538461538461539,2.076923076923077,1.4615384615384615,1.0461538461538462,1.2615384615384615
ice,1.1428571428571428,1.2142857142857142,1.0714285714285714,1.5714285714285714,1.4285714285714286
ground,1.9333333333333333,3.1666666666666665,4.833333333333333,1.6666666666666667,3.5
fairy,1.3235294117647058,1.1764705882352942,1.1764705882352942,1.4705882352941178,1.7941176470588236
fairy,1.015625,0.9375,1.171875,1.71875,1.890625
fighting,0.8666666666666667,1.3333333333333333,1.3333333333333333,0.9333333333333333,0.8
electric,3.2,6.733333333333333,6.333333333333333,6.066666666666666,5.666666666666667
ice,1.5,1.25,1.75,2.25,1.5
ice,1.0769230769230769,1.0,0.9230769230769231,1.9230769230769231,1.3846153846153846
rock,1.4285714285714286,1.7857142857142858,1.9285714285714286,0.2857142857142857,0.2857142857142857
ice,1.5,1.6,2.2,1.3,1.8
psychic,0.631578947368421,0.6842105263157895,0.5789473684210527,1.105263157894737,1.0
electric,0.5979381443298969,0.979381443298969,0.5979381443298969,0.7216494845360825,0.5979381443298969
steel,1.8,2.0,1.225,1.0,1.225
steel,4.066666666666666,4.333333333333333,2.3,2.6666666666666665,2.3
electric,1.2,1.3333333333333333,1.2,1.0666666666666667,0.9333333333333333
electric,1.6363636363636365,1.8181818181818181,1.6363636363636365,1.6363636363636365,1.4545454545454546
water,1.2,1.2,1.3333333333333333,0.9333333333333333,1.0666666666666667
water,1.6363636363636365,1.6363636363636365,1.8181818181818181,1.4545454545454546,1.6363636363636365
steel,0.8235294117647058,1.1176470588235294,1.3529411764705883,1.411764705882353,0.5882352941176471
dragon,0.34146341463414637,0.7317073170731707,0.36585365853658536,0.4878048780487805,0.36585365853658536
dragon,0.6666666666666666,0.7843137254901961,0.49019607843137253,0.5882352941176471,0.49019607843137253
dragon,0.6197183098591549,0.8450704225352113,0.528169014084507,0.704225352112676,0.528169014084507
fairy,0.6666666666666666,0.8695652173913043,0.8333333333333334,0.5797101449275363,0.8333333333333334
fighting,0.6666666666666666,0.8695652173913043,0.8333333333333334,0.5797101449275363,0.8333333333333334
poison,1.0769230769230769,0.6538461538461539,0.7307692307692307,1.1153846153846154,0.7307692307692307
fighting,0.8333333333333334,1.25,0.8333333333333334,0.7361111111111112,0.6944444444444444
fighting,1.0309278350515463,1.3402061855670102,1.0309278350515463,0.6494845360824743,0.6185567010309279
dark,1.0,1.1428571428571428,1.0,0.6666666666666666,0.9047619047619048
electric,0.4,0.5,0.25,0.5,0.25
dragon,2.5,1.25,0.625,1.25,0.625
ice,3.3333333333333335,4.833333333333333,4.333333333333333,2.1666666666666665,3.6666666666666665
ghost,0.7692307692307693,0.5,0.46153846153846156,1.1153846153846154,0.6153846153846154
psychic,1.25,1.0,1.0,1.0,1.0
normal,1.5846153846153845,1.6153846153846154,1.1076923076923078,1.6153846153846154,1.1538461538461537
bug,0.8235294117647058,1.588235294117647,1.1176470588235294,0.5294117647058824,0.8235294117647058
ground,2.6,2.8,2.1,0.9,1.6
water,1.5384615384615385,1.435897435897436,0.8333333333333334,1.0256410256410255,0.9615384615384616
fighting,0.6666666666666666,1.0833333333333333,0.5,0.3333333333333333,0.6666666666666666
dark,1.0,1.3529411764705883,1.1176470588235294,0.7647058823529411,0.7647058823529411
fairy,0.6981132075471698,1.0849056603773586,0.660377358490566,1.2735849056603774,0.7547169811320755
grass,0.6153846153846154,0.9384615384615385,0.8307692307692308,0.6923076923076923,0.6923076923076923
grass,0.7349397590361446,0.963855421686747,0.7590361445783133,0.7228915662650602,0.7590361445783133
grass,0.6178861788617886,0.8943089430894309,0.5691056910569106,0.6585365853658537,0.5691056910569106
fire,1.8611111111111112,1.25,1.6388888888888888,1.75,1.1111111111111112
fire,1.653061224489796,1.1224489795918366,1.5918367346938775,1.836734693877551,1.183673469387755
fire,1.5757575757575757,1.1363636363636365,1.5151515151515151,1.6666666666666667,1.1363636363636365
water,1.1,1.3,0.9,1.0,0.9
water,1.0769230769230769,1.3076923076923077,1.0,1.0,0.9230769230769231
water,1.0,1.411764705882353,0.9411764705882353,1.0,0.8823529411764706
normal,1.542857142857143,1.2857142857142858,1.1428571428571428,1.0,1.2857142857142858
normal,1.6923076923076923,1.5384615384615385,1.1538461538461537,0.9076923076923077,1.2307692307692308
bug,1.75,2.05,2.25,1.45,2.0
bug,1.7142857142857142,2.257142857142857,2.6285714285714286,1.4857142857142858,2.4571428571428573
bug,0.7333333333333333,1.0222222222222221,0.8888888888888888,0.4666666666666667,0.5555555555555556
bug,0.7717391304347826,1.108695652173913,0.8478260869565217,0.5652173913043478,0.5978260869565217
electric,0.75,0.8333333333333334,0.3333333333333333,0.6666666666666666,0.4166666666666667
electric,0.7058823529411765,0.8823529411764706,0.47058823529411764,0.5882352941176471,0.47058823529411764
electric,0.6666666666666666,1.0952380952380953,0.6666666666666666,0.6666666666666666,0.5714285714285714
normal,0.6666666666666666,0.6666666666666666,0.6,0.5333333333333333,0.6
normal,0.6666666666666666,0.6756756756756757,0.6306306306306306,0.5855855855855856,0.6756756756756757
fairy,0.5692307692307692,0.8461538461538461,1.0769230769230769,0.46153846153846156,0.8461538461538461
fairy,0.6,0.8421052631578947,1.2105263157894737,0.5263157894736842,0.8421052631578947
grass,1.3666666666666667,1.1666666666666667,1.5,1.9333333333333333,1.7
grass,1.5757575757575757,1.606060606060606,1.8181818181818181,2.3636363636363638,2.3636363636363638
grass,2.0,1.7692307692307692,2.3076923076923075,3.2051282051282053,2.7948717948717947
normal,0.8913043478260869,1.0434782608695652,0.5543478260869565,0.4891304347826087,0.5543478260869565
rock,2.2,2.2,3.0,1.4,1.4
rock,1.7142857142857142,1.7142857142857142,2.857142857142857,1.0,1.8571428571428572
rock,2.857142857142857,2.857142857142857,3.7142857142857144,1.2857142857142858,2.5714285714285716
fire,1.1428571428571428,1.4285714285714286,1.1428571428571428,1.4285714285714286,1.1428571428571428
fire,1.1333333333333333,0.8,1.3333333333333333,1.6666666666666667,1.0666666666666667
fire,0.8823529411764706,1.4705882352941178,0.9411764705882353,0.7058823529411765,1.1764705882352942
electric,1.3555555555555556,0.6888888888888889,0.9111111111111111,1.3111111111111111,0.7777777777777778
electric,2.422222222222222,1.4222222222222223,2.022222222222222,2.2888888888888888,1.8444444444444446
electric,0.5714285714285714,0.5714285714285714,0.5,0.7857142857142857,0.5714285714285714
electric,0.56,0.56,0.48,0.84,0.48
dark,1.1764705882352942,1.5294117647058822,1.1764705882352942,0.7843137254901961,1.0
dark,0.9411764705882353,1.411764705882353,1.0588235294117647,0.7058823529411765,0.8235294117647058
poison,0.5333333333333333,0.8666666666666667,0.4666666666666667,0.5333333333333333,0.4666666666666667
poison,0.5727272727272728,0.8636363636363636,0.5909090909090909,0.7272727272727273,0.6545454545454545
grass,0.6666666666666666,1.0833333333333333,0.5,0.75,0.5833333333333334
grass,0.6111111111111112,1.2777777777777777,0.7777777777777778,0.8888888888888888,0.7777777777777778
ground,0.5714285714285714,0.5714285714285714,0.5,0.7142857142857143,1.4285714285714286
ground,0.8,0.7,0.65,0.8,1.2
rock,0.9333333333333333,1.3333333333333333,1.5333333333333334,0.4666666666666667,0.7333333333333333
grass,1.0,1.24,0.8,1.24,0.8
grass,0.8666666666666667,1.44,0.8666666666666667,1.44,0.8666666666666667
bug,1.3666666666666667,1.6666666666666667,2.0,1.0333333333333334,1.9333333333333333
bug,1.6666666666666667,1.1111111111111112,1.8888888888888888,2.5555555555555554,2.2222222222222223
psychic,0.4,0.4666666666666667,0.4,0.7333333333333333,0.4
psychic,0.9047619047619048,0.5714285714285714,0.5714285714285714,0.9619047619047619,0.5714285714285714
fairy,0.8620689655172413,0.7758620689655172,0.7758620689655172,0.603448275862069,1.103448275862069
fairy,0.8333333333333334,0.7051282051282052,0.7051282051282052,0.5769230769230769,1.0512820512820513
fairy,0.9042553191489362,0.7978723404255319,0.8191489361702128,0.7446808510638298,1.1170212765957446
water,0.10526315789473684,0.5789473684210527,0.2631578947368421,0.3684210526315789,0.2631578947368421
water,0.2916666666666667,0.8333333333333334,0.4166666666666667,0.4166666666666667,0.5833333333333334
flying,0.8536585365853658,1.2560975609756098,1.0365853658536586,0.7317073170731707,1.0365853658536586
water,0.9333333333333333,0.6,0.5333333333333333,0.6,0.5333333333333333
water,1.0,0.7,0.72,0.53,0.62
steel,0.9574468085106383,1.4893617021276595,1.3404255319148937,0.6382978723404256,0.9574468085106383
steel,0.8888888888888888,1.3222222222222222,1.0,0.6,0.7444444444444445
dragon,0.5785123966942148,0.7851239669421488,0.5371900826446281,0.7024793388429752,0.5371900826446281
steel,1.0769230769230769,1.3076923076923077,2.230769230769231,0.9230769230769231,0.8461538461538461
rock,0.8,0.5833333333333334,0.7,1.75,1.0
rock,0.9651162790697675,0.6395348837209303,1.0465116279069768,1.5116279069767442,0.9418604651162791
ghost,1.4705882352941178,1.7941176470588236,1.7647058823529411,0.8823529411764706,1.6176470588235294
ghost,1.0588235294117647,1.4852941176470589,1.4705882352941178,0.7352941176470589,1.4264705882352942
flying,0.9111111111111111,1.2777777777777777,0.8222222222222222,0.8333333333333334,0.7111111111111111
ice,2.511627906976744,1.5813953488372092,1.0465116279069768,0.6976744186046512,0.9302325581395349
ice,2.328767123287671,1.547945205479452,0.8904109589041096,0.6164383561643836,0.7534246575342466
water,1.2857142857142858,1.457142857142857,1.042857142857143,1.1142857142857143,0.9285714285714286
water,4.285714285714286,2.857142857142857,3.2857142857142856,1.8571428571428572,1.8571428571428572
dragon,0.8292682926829268,0.6097560975609756,0.7317073170731707,1.4634146341463414,1.1585365853658536
fighting,1.2222222222222223,1.2777777777777777,0.8888888888888888,0.5555555555555556,1.0
poison,6.5,3.75,3.0,2.25,5.0
normal,2.0,1.5,1.1666666666666667,1.8333333333333333,1.1666666666666667
normal,2.272727272727273,1.8181818181818181,1.4545454545454546,1.5454545454545454,1.3636363636363635
dark,2.0,2.7,2.4,1.2,1.7
ground,1.3218390804597702,1.5057471264367817,1.5057471264367817,0.6091954022988506,0.6091954022988506
fairy,1.0360360360360361,0.5855855855855856,0.8918918918918919,0.5855855855855856,1.0360360360360361
grass,2.018181818181818,2.309090909090909,1.8,1.4363636363636363,1.8
ghost,0.4074074074074074,0.4074074074074074,0.4074074074074074,1.0,1.0
bug,1.0493827160493827,1.6666666666666667,0.9753086419753086,1.0493827160493827,1.2962962962962963
electric,0.8415841584158416,0.801980198019802,0.9603960396039604,1.198019801980198,0.8415841584158416
ground,0.8490566037735849,1.0566037735849056,1.1320754716981132,0.6792452830188679,0.660377358490566
ice,0.4117647058823529,0.5882352941176471,0.8382352941176471,0.9117647058823529,0.4411764705882353
fighting,3.08,2.8,2.16,1.0,1.36
dark,0.8703703703703703,0.7407407407407407,0.7962962962962963,1.1296296296296295,0.7407407407407407
fire,0.7272727272727273,0.6363636363636364,0.5454545454545454,1.2727272727272727,1.0
rock,1.3888888888888888,1.8611111111111112,1.5277777777777777,0.9722222222222222,1.1666666666666667
dragon,1.1818181818181819,1.3636363636363635,0.8181818181818182,0.6363636363636364,0.8181818181818182
dragon,1.4516129032258065,1.532258064516129,1.064516129032258,0.7258064516129032,1.0483870967741935
dragon,1.3218390804597702,1.6666666666666667,1.0574712643678161,0.8620689655172413,0.9885057471264368
ghost,4.5,3.0,7.0,7.5,7.0
steel,1.0357142857142858,0.7142857142857143,1.130952380952381,1.5833333333333333,1.0833333333333333
dark,1.2142857142857142,1.2142857142857142,1.4285714285714286,1.3571428571428572,1.9285714285714286
dark,0.5925925925925926,0.8888888888888888,0.5925925925925926,0.6666666666666666,0.48148148148148145
dark,3.4444444444444446,2.4444444444444446,2.7777777777777777,1.2222222222222223,1.7777777777777777
dark,0.55,0.8,0.8,1.35,1.2
dragon,0.8823529411764706,1.1680672268907564,0.5966386554621849,0.46218487394957986,0.8487394957983193
fairy,0.6379310344827587,1.1206896551724137,0.7758620689655172,1.0344827586206897,0.5172413793103449
fighting,0.7407407407407407,1.0,0.8518518518518519,0.6296296296296297,0.7407407407407407
electric,0.7407407407407407,0.6296296296296297,0.7407407407407407,1.0,0.8518518518518519
water,0.908256880733945,0.7614678899082569,0.8348623853211009,1.146788990825688,0.7614678899082569
grass,0.8653846153846154,1.25,0.8461538461538461,0.6730769230769231,1.0384615384615385
